Chr,End,1
1,        1,D
1, 15198758,B
1, 35698726,F
1, 58188722,G
1, 61706326,H
1, 80915326,D
1, 90246544,E
1,165251596,H
1,178268346,B
1,190742084,F
1,192383080,B
2,        1,C
2,  3213304,A
2, 26111682,C
2, 75095362,A
2, 90643622,E
2,162703414,B
3,        1,D
3, 30895530,G
3, 51108320,B
3,101084639,F
3,127189705,B
3,129574320,E
3,150483160,B
4,        1,F
4, 15611771,E
4, 56678084,D
4, 62631044,C
4, 63630636,D
4,104151795,C
4,126115946,F
4,140248920,H
5,        1,A
5,  5494265,E
5, 55571630,F
5, 95049614,G
5, 97799256,A
5,105286188,H
6,        1,E
6, 59436980,A
6, 92731028,B
6, 94723474,C
6, 98675982,H
6,105264571,A
6,115133391,G
6,130568804,A
6,134272212,G
7,        1,C
7, 25369928,D
7, 27044598,G
7, 62587024,A
7,104970177,E
7,129947678,F
7,142178476,B
7,145267954,E
7,150791358,G
8,       1,C
8,31166792,G
8,55039987,F
8,91685818,H
9,        1,D
9,  8661753,A
9, 42834171,H
9, 45083221,G
9, 90368048,E
9,114321641,B
10,       1,C
10, 7484064,A
10,12359510,F
10,23418308,G
10,31250792,H
10,75709529,C
10,99360506,G
11,        1,D
11, 39577828,B
11, 50402498,C
11, 61291193,G
11, 62656440,B
11, 68771885,A
11, 85522874,F
11,117190887,H
11,120982569,F
12,        1,C
12,  9892874,H
12, 41728016,E
12, 58845746,G
12, 77776967,H
12, 98678652,A
12,102683077,C
13,       1,C
13, 6010932,D
13,34769386,A
13,70506474,D
14,        1,A
14,  9357378,H
14, 20062050,A
14, 24800452,F
14, 32141414,B
14, 41391486,C
14, 65788881,G
14,118226412,E
15,       1,D
15,27388277,F
15,78201694,A
15,94256160,F
15,97257174,B
15,99964050,A
16,       1,A
16,21873849,H
16,23880812,B
16,26379884,D
16,39554332,H
16,85503352,G
16,97288518,C
17,       1,C
17, 5405672,A
17,46230506,F
17,53308930,A
17,69925280,E
18,       1,F
18,25196011,A
18,52637958,C
18,55518912,E
18,57310915,A
18,68410641,F
18,85821788,D
18,86149957,F
19,       1,C
19, 5759818,F
19,16799270,C
19,22541672,E
19,25539222,B
19,52398810,H
X,        1,C
X, 11680456,A
X,132354565,G
