Chr,End,2
1,        1,G
1, 47081968,F
1, 59341246,B
1, 68983158,F
1, 93907360,H
1,110072638,A
1,168927834,F
1,170325228,D
2,        1,H
2, 68192384,E
2, 94039802,A
2,155988218,C
2,173091546,G
2,179116606,H
3,        1,D
3, 20467657,A
3,101084639,H
3,135369426,F
3,141264932,G
3,144603005,A
4,        1,G
4, 40830706,C
4, 46396454,B
4, 55805896,G
4,134538768,C
4,153748607,H
5,        1,B
5, 15664102,H
5, 50740930,E
5, 74339516,C
5,115750848,G
5,119046913,E
5,148084112,H
6,        1,E
6, 32202256,D
6, 71195299,F
6, 90406212,H
6, 94990294,C
6,123296912,D
6,126775465,F
7,        1,E
7, 27369461,C
7, 37951629,A
7, 52456238,G
7, 57601052,B
7, 59451296,H
7, 91754580,D
7,122347262,B
7,141140612,A
7,141445024,D
7,147580098,G
8,        1,E
8, 25160444,B
8, 46400250,A
8, 67028415,C
8, 90407813,H
8, 97027041,G
8,105474434,C
8,128903814,H
9,       1,F
9,30299387,E
9,34909263,G
9,50141459,D
9,79373468,B
9,86055468,D
9,99621678,A
10,       1,G
10,11365493,B
10,20110964,G
10,77139596,B
10,90299466,D
11,        1,E
11, 12246521,C
11, 47288650,B
11, 68771885,E
11, 88648246,A
11,113347256,F
12,        1,C
12,  7858088,B
12, 77479316,F
12,104018600,G
13,        1,E
13, 10529479,F
13, 54619278,E
13, 70506474,H
13,103200472,A
14,        1,G
14, 13578510,C
14, 20062050,G
14, 24316044,C
14, 33395142,B
14, 41391486,H
14, 48512108,C
14,101273070,E
14,113677558,H
14,118538090,F
14,119897958,D
15,       1,E
15, 9757104,C
15,26333619,F
15,39251966,D
15,63432717,B
15,93856176,E
16,       1,B
16,46099527,H
16,49710994,G
16,50118556,H
16,65934273,G
16,73861827,A
16,82865914,E
16,92780578,A
17,       1,H
17,68435694,G
17,78401149,A
17,83968732,E
18,       1,H
18,38129784,A
18,69352842,F
18,70421062,A
18,76455952,G
18,81904552,D
19,       1,C
19, 5759818,H
19,22541672,F
19,59418439,B
X,        1,F
X, 12076098,D
X, 49854681,E
X, 67843100,F
X,126699600,D
X,138311910,E
